<resources>
    <string name="app_name">AL-QURAN</string>
    <string name="judul">NAMA</string>
    <string name="description">description</string>
    <string-array name="judul_video">
        <item>An-Nas</item>
        <item>Al-FalaqX</item>
        <item>Al-Ikhlas</item>
        <item>Al-Lahab</item>
        <item>An-Nashr</item>
        <item>Al-Kafirun</item>
        <item>Al-Kautsar</item>
        <item>Al-Maun</item>
        <item>Quraisy</item>
        <item>Al-Fil</item>
        <item>Al-Humazah</item>
        <item>Al-Ashr</item>
        <item>Al-Takatsur</item>
        <item>Al-Qariah</item>
        <item>Al-Adiyat</item>
    </string-array>
    <string-array name="data_dekripsi">
        <item> An-Naas (Manusia) surat ke-114 terdiri dari 6 ayat.
                Surat An Nas mengandung Isti aadzah (permintaan perlindungan) kepada Allah SWT dari
                segala kejahatan iblis dan bala tentaranya yang dapat melalaikan manusia dengan
                menebarkan was-was pada diri. Surat An Nas menjelaskan bahwa waswas, bisa juga dari
                jin dan juga dari manusia.</item>
        <item> Al-Falaq (Waktu Subuh) surat ke-113 terdiri dari 5 ayat.
                Surat Al Falaq memiliki kandungan yang berisi perintah Allah SWT kepada Rasulullah SAW
                agar senantiasa berlindung kepada-Nya yang Maha Kuasa. Berlindung dalam artian keseluruhan,
                berupa keburukan, kejahatan, kesulitan, penyakit dan lainnya.</item>
        <item> Al-Ikhlash (Memurnikan Keesaan Allah) surat ke-112 terdiri dari 4 ayat.
                Surat Al-Ikhlas tergolong surah Makkiyah serta terdiri atas 4 ayat. Isi pokok surah
                Al-Ikhlas adalah tentang penegasan terhadap keesaan Allah SWT. Surat Al-Ikhlas juga
                mengajarkan kita untuk menolak segala bentuk penyekutuan terhadap Allah SWT. Artinya:
                “Katakanlah (Muhammad), “Dialah Allah, Yang Maha Esa”.</item>
        <item> Al-Lahab (Gejolak Api) surat ke-111 terdiri dari 5 ayat.</item>
        <item> An-Nashr (Pertolongan) surat ke-110 terdiri dari 3 ayat.</item>
        <item> Al-Kaafiruun (Orang-Orang Kafir) surat ke-109 terdiri dari 6 ayat.</item>
        <item> Al-Kautsar (Nikmat yang Banyak) surat ke-108 terdiri dari 3 ayat.</item>
        <item> Al-Maa uun (Barang-barang yang Berguna) surat ke-107 terdiri dari 7 ayat. </item>
        <item> Quraisy (Suku Quraisy) surat ke-106 terdiri dari 4 ayat.</item>
        <item> Al-Fiil (Gajah) surat ke-105 terdiri dari 5 ayat.</item>
        <item> Al-Humazah (Pengumpat) surat ke-104 terdiri dari 9 ayat.</item>
        <item> Al-Ashr (Demi Masa) surat ke-103 terdiri dari 3 ayat.</item>
        <item> At-Takaatsur (Bermegah-megahan) surat ke-102 terdiri dari 8 ayat.</item>
        <item> Al-Qaari’ah (Hari Kiamat) surat ke-101 terdiri dari 11 ayat.</item>
        <item> Al-Aadiyaat (Kuda yang Berlari Kendang) surat ke-100 terdiri dari 11 ayat.</item>
    </string-array>

    <array name="video_id">
        <item>@raw/annas</item>
        <item>@raw/alfalaq</item>
        <item>@raw/alikhlas</item>
        <item>@raw/allahab</item>
        <item>@raw/annasr</item>
        <item>@raw/alkafirun</item>
        <item>@raw/alkawtsar</item>
        <item>@raw/almaun</item>
        <item>@raw/qurays</item>
        <item>@raw/alfil</item>
        <item>@raw/alhumazah</item>
        <item>@raw/alasr</item>
        <item>@raw/attakathur</item>
        <item>@raw/alqoriah</item>
        <item>@raw/aladiyat</item>
    </array>


    <integer-array name="data_gambar">
        <item>@drawable/gambar1</item>
        <item>@drawable/gambar2</item>
        <item>@drawable/gambar3</item>
        <item>@drawable/gambar4</item>
        <item>@drawable/gambar5</item>
        <item>@drawable/gambar6</item>
        <item>@drawable/gambar7</item>
        <item>@drawable/gambar8</item>
        <item>@drawable/gambar9</item>
        <item>@drawable/gambar10</item>
        <item>@drawable/gambar11</item>
        <item>@drawable/gambar12</item>
        <item>@drawable/gambar13</item>
        <item>@drawable/gambar14</item>
        <item>@drawable/gambar15</item>

    </integer-array>
</resources>